insert into  banderas(id,created_at,pais,bandera) values
(1, curdate(), 'Alemania', 'Alemania.png'),
(2, curdate(), 'Argentina', 'Argentina.jpg'),
(3, curdate(), 'Austria', 'Austria.png'),
(4, curdate(), 'Belgica', 'Belgica.png'),
(5, curdate(), 'Brasil', 'Brasil.png'),
(6, curdate(), 'Camerún', 'Camerun.png'),
(7, curdate(), 'Chile', 'Chile.png'),
(8, curdate(), 'Costa de Marfll', 'CMarfil.png'),
(9, curdate(), 'Colombia', 'Colombia.png'),
(10, curdate(), 'Croacia', 'Croacia.png'),
(11, curdate(), 'Dinamarca', 'Dinamarca.png'),
(12, curdate(), 'Eslovenia', 'Eslovenia.png'),
(13, curdate(), 'España', 'Espania.png'),
(14, curdate(), 'Estados Unidos', 'Estados_Unidos.png'),
(15, curdate(), 'Francia', 'Francia.png'),
(16, curdate(), 'Gales', 'Gales.png'),
(17, curdate(), 'Ghana', 'Ghana.png'),
(18, curdate(), 'Inglaterra', 'Inglaterra.png'),
(19, curdate(), 'Irlanda', 'Irlanda.png'),
(20, curdate(), 'Italia', 'Italia.png'),
(21, curdate(), 'Marruecos', 'Marruecos.png'),
(22, curdate(), 'Mexico', 'Mexico.png'),
(23, curdate(), 'Noruega', 'Noruega.png'),
(24, curdate(), 'Paises Bajos', 'Paises_Bajos.png'),
(25, curdate(), 'Polonia', 'Polonia.png'),
(26, curdate(), 'Portugal', 'Portugal.png'),
(27, curdate(), 'Senegal', 'Senegal.png'),
(28, curdate(), 'Serbia', 'Serbia.png'),
(29, curdate(), 'Suecia', 'Suecia.png'),
(30, curdate(), 'Suiza', 'Suiza.png'),
(31, curdate(), 'Turquia', 'Turquia.png'),
(32, curdate(), 'Ucrania', 'Ucrania.png'),
(33, curdate(), 'Uruguay', 'Uruguay.png');
insert into equipos(id,created_at,nombre,escudo) values
(1, curdate(), 'Milan', 'AC_Milan.png'),
(2, curdate(), 'Ajax', 'AFC_Ajax.png'),
(3, curdate(), 'Arsenal', 'Arsenal.png'),
(4, curdate(), 'Atletico de Madrid', 'Atletico.png'),
(5, curdate(), 'Borussia Dortmund', 'Borussia_Dortmund.png'),
(6, curdate(), 'Chelsea', 'Chelsea.png'),
(7, curdate(), 'Barcelona', 'FC_Barcelona.png'),
(8, curdate(), 'Bayer Munich', 'FC_Bayern_Munchen.png'),
(9, curdate(), 'Inter', 'Inter_Milan.png'),
(10, curdate(), 'Juventus', 'Juventus.png'),
(11, curdate(), 'Liverpool', 'Liverpool.png'),
(12, curdate(), 'Manchester City', 'Manchester_City.png'),
(13, curdate(), 'Manchester United', 'Manchester_United.png'),
(14, curdate(), 'PSG', 'PSG.png'),
(15, curdate(), 'Real Madrid', 'Real_Madrid.png'),
(16, curdate(), 'Tottenham', 'Tottenham.png');
insert into jugadors(id,created_at,posicion,apellido,nombre,foto,bandera_id) values 
(1, curdate(), 'DC', 'Younes', 'Amin','Amin_Younes_AJA.jpg', 1),
(2, curdate(),  'DFC', 'Martinez', 'Lisandro', 'licha_AJA.jpg', 2),
(3, curdate(), 'DC', 'Bodul', 'Darko', 'Darko_Bodul_AJA.jpg', 3),
(4, curdate(), 'DFC', 'Vertonghen', 'Jan', 'Jan_Vertonghen_AJA.jpg', 4),
(5, curdate(), 'ED', 'Antony', 'Antony', 'antony_AJA-jpg', 5),
(6, curdate(), 'POR', 'Onana', 'André' , 'Onana_AJA.jpg', 6),
(7, curdate(), 'DFC', 'Sanchez', 'Davinson', 'davinson-sanchez_AJA.jpg', 9),
(8, curdate(), 'DC', 'Haller', 'Sebastien', 'Sebastien_Haller_AJA.jpg', 8),
(9, curdate(), 'LI', 'Sosa', 'Borna', 'Borna_Sosa_AJA.jpg', 10),
(10, curdate(), 'MC', 'Eriksen', 'Christian', 'eriksen_AJA.jpg', 11),
(11, curdate(), 'DC', 'Krkic', 'Bojan', 'Bojan_Krkic_AJA.jpg', 13),
(12, curdate(), 'LD', 'Dest', 'Sergiño', 'dest_AJA.jpg', 14),
(13, curdate(), 'DC', 'Sanogo',  'Yaya', 'Yaya_Sanogo_AJA.jpg', 15),
7(14, curdate(), 'MCD', 'Quansah', 'Kwame', 'Kwame_Quansah_AJA.jpg', 17),
(15, curdate(), 'MCD', 'Henderson', 'Jordan', 'Jordan_Henderson_AJA.jpg', 18),
(16, curdate(), 'DFC', 'Rugani', 'Daniele','Daniele_Rugani_AJA.jpg', 20),
(17, curdate(), 'ED', 'Ziyech', 'Hakim', 'Ziyech_AJA.jpg', 21),
(18, curdate(), 'MCD', 'Alvarez', 'Edson', 'edson_alvarez_AJA.jpg', 22),
(19, curdate(), 'LD', 'Bergdolmo', 'André', 'Andre_Bergdolmo_AJA.jpg', 23),
(20, curdate(), 'DFC', 'Blind', 'Daley', 'DB_AJA.jpg', 24),
(21, curdate(), 'DC', 'Milik', 'Arkadius', 'Arkadiusz_Milik_AJA.jpg', 25),
(22, curdate(), 'POR', 'Varela', 'Bruno', 'Bruno_Varela_AJA.jpg', 26),
(23, curdate(), 'MC', 'Coulibaly', 'Mamadou', 'Mamadou_Coulibaly_AJA.jpg', 27),
(24, curdate(), 'DC', 'Zigic', 'Nikola', 'Nikola_Zigic_AJA.jpg', 28),
(25, curdate(), 'DC', 'Ibrahimovic', 'Zlatan', 'ibra_AJA.jpg', 29),
(26, curdate(), 'DC', 'Gonzalez', 'Lorenzo', 'Lorenzo_Gonzalez_AJA.jpg', 30),
(27, curdate(), 'MCO', 'Sahin', 'Nuri', 'Nuri_Sahin_AJA.jpg', 31),
(28, curdate(), 'DC', 'Suarez', 'Luis', 'luis_suarez_AJA.jpg', 33),
(29, curdate(), 'EI', 'Musiala', 'Jamal', 'Musiala_BAY.jpg', 1),
(30, curdate(), 'DFC', 'Demilchelis', 'Martin', 'Demichelis_BAY.jpg', 2),
(31, curdate(), 'DFC', 'Alaba', 'David', 'Alaba_BAY.jpg', 3),
(32, curdate(), 'DFC', ' van Buyten', 'Daniel', 'Van_Buyten_BAY-jpg', 4),
(33, curdate(), 'EI', 'Coutihho', 'Phillippe', 'Coutinho_BAY.jpg', 5),
(34, curdate(), 'DC', 'Moting', 'ChouPO','Choupo_Motinmg_BAY.jpg', 6),
(35, curdate(), 'MCD', 'Vidal', 'Arturo', 'Arturo_Vidal_BAY.jpg', 7),
(36, curdate(), 'MCO', 'Rodriguez', 'James', 'James_Rodriguez_BAT.jpg', 9),
(37, curdate(), 'MCD', 'Hojberg', 'Pierre-Emile', 'Hojbergv.jpg', 11),
(38, curdate(), 'LD', 'Odriozola', 'Álvaro', 'Odriozola_BAY', 13),
(39, curdate(), 'MCO', 'Donovan', 'Landon', 'Landon_Donovan_BAY.jpg', 14),
(40, curdate(), 'LD', 'Boey', 'Nathan', 'Boey_BAY.jpg', 15),
(41, curdate(), 'DC', 'Kane', 'Harry', 'Kane_BAY', 18),
(42, curdate(), 'DC', 'Toni', 'Luca', 'Luca_Toni_BAY.jpg', 20),
(43, curdate(), 'DFC', 'Benatia', 'Medhi', 'Benatia_BAY.jpg', 21),
(44, curdate(), 'MC', 'Gravenberch', 'Ryan', 'Gravenberch_BAY', 24),
(45, curdate(), 'DC', 'Lewandowski', 'Robert', 'Lewandowski_BAY.jpg', 25),
(46, curdate(), 'MCD', 'Palhinha', 'Joao', 'Palhinha_BAY.jpg', 26),
(47, curdate(), 'EI', 'Mané', 'Sadio', 'Mane_BAY.jpg', 27),
(48, curdate(), 'DFC', 'Andersson', 'Patrik', 'Patrik_Andersson_BAY.jpg', 29),
(49, curdate(), 'ED', 'Shaqiri', 'Xherdan', 'Shaqiri_BAY.jpg', 30),
(50, curdate(), 'DC', 'Altintop', 'Hamit', 'Altintop_BAY.jpg', 31),
(51, curdate(), 'DC', 'Tymoschukk', 'Anatolly', 'Anatolly_Tymoschuk_BAY.jpg', 32),
(52, curdate(), 'MCO', 'Reus', 'Marco', 'Reus_BVB.jpg', 1),
(53, curdate(), 'DFC', 'Balerdi', 'Leonardo', 'Balerdi_BVB.jpg', 2),
(54, curdate(), 'MC', 'Sabitzer', 'Marcel', 'Sabitzer_BVB.jpg', 3),
(55, curdate(), 'EI', 'Hazard', 'Thorgan','Thorgan_Hazard_BVB.jpg', 4),
(56, curdate(), 'CAR', 'Couto', 'Yan', 'Yan_Couto_BVB.jpg', 5),
(57, curdate(), 'MCO', 'Barrios', 'Adrian', 'Adrian_Barrios_BVB.jpg', 9),
(58, curdate(), 'DC', 'Haller', 'Sebastien', 'Haller_BVB.jpg', 8),
(60, curdate(), 'MCD', 'Delaney', 'Thomas', 'Delaney_BVB.ljpg', 11),
(61, curdate(), 'MC', 'Kampl', 'Toni', 'Kampl_BVB.jpg¡', 12),
(62, curdate(), 'DC', 'Alcacer', 'Paco', 'Paco_Alcacer_BVB.jpg', 13),
(63, curdate(), 'EI', 'Reyna', 'Giovanni', 'Reyna_BVB.jpg', 14),
(64, curdate(), 'DFC', 'Coulibaly', 'Soumaila', 'Coulibaly_BVB.jpg', 15),
(65, curdate(), 'DC', 'Boateng', 'Kevin-Prince', 'Boateng_BVB.jpg', 17),
(66, curdate(), 'EI', 'Bynoe-Gittens', 'Jamie', 'Bynoe-Gittens_BVB.jpg', 18),
(67, curdate(), 'DC', 'Immobile', 'Ciro', 'Immobille_BVB.jpg', 20),
(68, curdate(), 'LD', 'Hakimi', 'Achraf', 'Hakimi_BVB.jpg', 21),
(69, curdate(), 'DC', 'Haaland', 'Eerling', 'Haaland_BVB.jpg', 23),
(70, curdate(), 'LI', 'Maatsen', 'Ian', 'Maatsen_BVB.jpg', 24),
(71, curdate(), 'EI', 'Blaszczykowski', 'Jakub', 'Blaszczykowski_BVB.jpg', 25),
(72, curdate(), 'LI', 'Guerreiro', 'Raphael',    'Guerreiro_BVB.jpg', 26),
(73, curdate(), 'ED', 'Diallo', 'Amad', 'Diallo_BVB.jpg', 27),
(74, curdate(), 'LD', 'Rukavina', 'Antonio', 'Antonio_Rukavina_BVB.jpg', 28),
(75, curdate(), 'DC', 'isak', 'Aleksander', 'Isak_BVB.jpg', 29),
(76, curdate(), 'POR', 'Kobel', 'Gregor', 'Kobel_BVB.jpg', 30),
(77, curdate(), 'ED', 'Mor', 'Emre', 'Emre_Mor_ BVB.jpg', 31),
(78, curdate(), 'ED', 'Yarmolenko', 'Andriy', 'Yarmolenko_BVB.jpg', 32),
(79, curdate(), 'DC', 'Alvarez', 'Julián','Julian_Alvarez_ATM.jpg', 2),
(80, curdate(), 'EI', 'Carrasco', 'Yannick-Ferreira', 'Carrasco_ATM', 4),
(81, curdate(), 'DFC', 'Miranda', 'Joao', 'Miranda_ATM.jpg', 5),
(82, curdate(), 'DC', 'Martinez', 'Jackson', 'Jackson_Martinez_ATM', 9),
(84, curdate(), 'MC', 'Wass', 'Daniel', 'Wass_ATM.jpg', 11),
(85, curdate(), 'POR', 'Oblak', 'Jan', 'Oblak_ATM.jpg', 12), 
(86, curdate(), 'DC', 'Torres', 'Fernando', 'Torres_ATM.jpg', 13),
(87, curdate(), 'DC', 'Gameiro', 'Kevin', 'Gameiro_ATM.jpg', 15),
(88, curdate(), 'MC', 'Partey', 'Thomas', 'Thomas_ATM.jpg', 17),
(89, curdate(), 'LD', 'Trippier', 'Kieran', 'Trippier_ATM.jpg', 18),
(90, curdate(), 'MC', 'Doherty', 'Jack', 'Doherty_ATM.jpg', 19),
(91, curdate(), 'POR', 'Abbiatti', 'Franco', 'Abbiati_ATN.jpg', 20),
(92, curdate(), 'POR', 'Bounou', 'Yacine', 'Bono_ATM.jpg', 21),
(93, curdate(), 'DC', 'Jimenez', 'Raul', 'Raul_Jimenez_ATM.jpg', 22),
(94, curdate(), 'DC', 'Sorloth', 'Alexander', 'Sorloth_ATM.jpg', 23),
(95, curdate(), 'DC', 'Depay', 'Memphis', 'Depay_ATM.jpg', 24),
(96, curdate(), 'EI', 'Jota', 'Diogo', 'Diogo_Jota_ATM.jpg', 26),
(97, curdate(), 'DC', 'Saponjic', 'Ivan', 'Ivan_Saponjic_ATM.jpg', 28),
(98, curdate(), 'MCD', 'Wicky', 'Raphael', 'Raphael_Wicky_ATM.jpg', 30),
(99, curdate(), 'MC', 'Turan', 'Arda', 'Arda_Turan_ATM.jpg', 31),
(100, curdate(), 'DC', 'Forlan', 'Diego', 'Forlan_ATM.jpg', 33),
(101, curdate(), 'POR', 'Ter Stegen', 'Marc André', 'Ter_Stegen_FCB.jpg', 1),
(102, curdate(), 'ED', 'Saviola', 'Javier', 'Saviola_FCB.jpg', 2),
(103, curdate(), 'DC', 'Demir', 'Yusuf', 'Demir_FCB.jpg', 3),
(104, curdate(),  'DFC', 'Vermaelen', 'Thomas', 'Vermaelen_FCB.jpg', 4),
(105, curdate(), 'POR', 'Neto', 'Norberto', 'Neto_FCB.jpg', 5),
(106,curdate(), 'MCO', 'Song', 'Alex', 'Song_FCB.jpg', 6),
(107, curdate(), 'MCD', 'Vidal', 'Arturo', 'Arturo_Vidal_FCB.jpg', 7),
(108, curdate(), 'DFC', 'Mina', 'Yerry', 'Yerry_Mina_FCB.jpg', 9),
(109, curdate(), 'MC', 'Touré', 'Yaya', 'Toure_FCB,jpg', 8),
(110, curdate(), 'DC', 'Braithwaite', 'Martin', 'Braithwaite_FCB.jpg', 11),
(111, curdate(), 'DFC', 'Cubarsí', 'Pau', 'Cubarsi_FCB.jpg', 13),
(112, curdate(), 'LD', 'Dest', 'Sergiño', 'Dest_FCB.jpg',  14),
(113, curdate(), 'LD', 'Koundé', 'Jules', 'Kounde_FCB.jpg', 15),
(114, curdate(), 'DC', 'Boateng', 'Kevin-Prince', 'Boateng_FCB.jpg', 17),
(115, curdate(), 'MC', 'Motta', 'Thiago', 'Thiago_Motta_FCB.jpg', 20),
(116, curdate(), 'ED', 'Ezzazouli', 'Abde', 'Abde_FCB.jpg', 21),
(117, curdate(), 'DFC', 'Marquez', 'Rafa', 'Marquez_FCB.jpg', 22),
(118, curdate(), 'DC', 'de Jong', 'Luuk', 'Luuk_de_Jong_FCB.jpg', 24),
(119, curdate(), 'POR', 'Szczesny', 'Wojlclech', 'Wojlclech_Szczesny_FCB.jpg', 25),
(120, curdate(), 'ED', 'Quaresma', 'Ricardo', 'Quaresma_FCB.jpg', 26),
(121, curdate(), 'DC', 'Larsson', 'Henrik', 'Larsson_FCB.jpg', 29),
(122, curdate(), 'MC', 'Turan', 'Arda', 'Arda_Turan_FCB.jpg', 31),
(123, curdate(), 'DFC', 'Chygrynsky', 'Dmytro', 'Chygrynsky_FCB.jpg', 32),
(124, curdate(), 'DFC', 'Araujo', 'Ronald', 'Araujo_FCB.jpg', 33),
(125, curdate(),'MC', 'Kroos', 'Toni', 'Kroos_RMA.jpg', 1),
(126, curdate(), 'ED', 'Mastantuono', 'Franco', 'Mastantuono_RMA.jpg', 2),
(127, curdate(), 'DFC', 'Alaba', 'David', 'Alaba_RMA.jpg', 3),
(128, curdate(), 'POR', 'Courtois', 'Thibaut', 'Courtois_RMA.jpg', 4),
(129, curdate(), 'EI', 'Vini', 'JR', 'Vini_RMA.jpg', 5),
(130, curdate(), 'MC', 'Geremi', 'Njitap', 'Geremi_RMA.jpg', 6),
(131, curdate(), 'MC', 'Rincón', 'Freddy', 'Freddy_Rincon_RMA.jpg', 8),
(132, curdate(), 'MC', 'Kovacic', 'Mateo', 'Kovacic_RMA.jpg', 10),
(133, curdate(), 'MCD', 'Gravesen', 'Thomas', 'Gravesen_RMA.jpg', 11),
(134, curdate(), 'DFC', 'Asencio', 'Raul', 'Asencio_RMA.jpg', 13),
(135, curdate(), 'DC', 'Mbappé', 'Kylian', 'Mbappe_RMA.jpg', 15),
(136, curdate(), 'ED', 'Bale', 'Gareth', 'Bale_RMA.jpg', 16),
(137, curdate(), 'MCD', 'Essien', 'Michael', 'Essien_RMA.jpg', 17),
(138, curdate(), 'MC', 'Bellingham', 'Jude', 'Bellingham_RMA.jpg', 18), 
(139, curdate(), 'DFC', 'Cannavaro', 'Fabio', 'Cannavaro_RMA.jpg',  20),
(140, curdate(), 'ED', 'Diaz', 'Brahim', 'Brahim_RMA.jpg',21),
(141, curdate(), 'DC', 'Chicharito', 'Javier', 'Chicharito_RMA.jpg', 22),
(142, curdate(), 'MCO', 'Ødegaard', 'Martin', 'Odegaard_RMA.jpg', 23),
(143, curdate(), 'MCO', 'van der Vaart', 'Rafael', 'van_der_Vaart_RMA.jpg', 24),
(144, curdate(), 'POR', 'Dudek', 'Jerzy', 'Dudek_RMA.jpg', 25),
(145, curdate(), 'LI', 'Coentrao', 'Fabio', 'Coentrao_RMA.jpg', 26),
(146, curdate(), 'DC', 'Jović', 'Luka', 'Jovic_RMA.jpg', 28),
(147, curdate(), 'MCO', 'Güller', 'Arda', 'Arda_Guller_RMA.jpg', 31),
(148, curdate(), 'POR', 'Lunin', 'Andriy', 'Lunin_RMA.jpg', 32),
(149, curdate(), 'MC', 'Valverde', 'Federico', 'Fede_RMA.jpg', 33),
(150, curdate(), 'DFC', 'Kehrer', 'Thilo', 'Thilo_Keher_PSG.jpg', 1),
(151, curdate(), 'EI', 'Lavezzi', 'Ezequiel', 'Lavezzi_PSG.jpg', 2),
(152, curdate(), 'LD', 'Meunier', 'Thomas', 'Meunier_PSG.jpg', 4),
(153, curdate(),  'DFC', 'Beraldo', 'Lucas', 'Beraldo_PSG.jpg', 5),
(154, curdate(), 'MC', 'Dina Ebimbe', 'Junior', 'Junior_Dina_Ebimbe.jpg', 6),
(155, curdate(), 'LD', 'Aurier', 'Serge', 'Aurier_PSG.jpg', 8),
(156, curdate(), 'DFC', 'Yepes', 'Mario', 'Yepes_PSG.jpg', 9),
(157, curdate(), 'DFC', 'Skriniar', 'Milan', 'Skriniar_PSG.jpg', 12),
(158, curdate(), 'MC', 'Ruíz', 'Fabian', 'Fabian_PSG.jpg', 13),
(159, curdate(), 'MCO', 'Weah', 'Timothy', 'Weah_PSG.jpg', 14),     
(160, curdate(), 'DC', 'Kolo Muani', 'Randal', 'Kolo_Muani_PSG.jpg', 15),
(161, curdate(), 'MC', 'Nyarko', 'Alex', 'Alex_Nyarko_PSG.jpg', 17),
(162, curdate(), 'MC', 'Beckham', 'David', 'Beckham_PSG.jpg', 18),
(163, curdate(), 'MC', 'Verratti', 'Marco', 'Verrtti_PSG.jpg', 20),
(164, curdate(), 'DFC', 'El Hammach', 'Naoufel', 'Naoufel_El_Hannach.jpg', 21),
(165, curdate(), 'MC', 'Wijnaldum', 'Georginio', 'Wijnaldum_PSG.jpg', 24),
(166, curdate(), 'MCD', 'Krychowiak', 'Gregorz', 'Krychowiak_PSG.jpg', 25),
(167, curdate(), 'MC', 'Neves', 'Joao', 'Joao_Neves_PSG.jpg', 26),
(168, curdate(), 'ED', 'Mbaye', 'Ibrahima', 'Mbaye_PSG.jpg', 27),
(170, curdate(), 'DFC', 'Bisevac', 'Milan', 'Milan_Bisevac_PSG.jpg', 28),
(171, curdate(), 'DC', 'Inrahimovic', 'Zlatan', 'Zlatan_PSG.jpg', 29),
(172, curdate(), 'MCO', 'Yakin', 'Hakan', 'Hakam_Yakin_PSG.jpg', 30),
(173, curdate(), 'DC', 'Erdinç', 'Mavlüt', 'Mavlut_Erdinc_PSG.jpg', 31),
(174, curdate(), 'DFC', 'Zabarnyl', 'Ilya', 'Ilya_Zabarnyl_PSG.jpg', 32),
(175,  curdate(), 'DC', 'Cavani', 'Edinson', 'Cavani_PSG.jpg', 33),
(176, curdate(), 'DFC', 'Bisseck', 'Yann', 'Bisseck_INT.jpg', 1),
(177, curdate(), 'DC', 'Martinez', 'Lautaro', 'Lautaro_INT.jpg', 2),
(178, curdate(), 'MD', 'Lazaro', 'Valentin', 'Valentin_Lazaro_INT.jpg', 3),
(179, curdate(), 'DC', 'Lukaku', 'Romelu', 'Lukaku_INT.jpg', 4),
(180, curdate(), 'DC', 'Barbosa', 'Gabriel', 'Gabigol_INT.jpg', 5),
(181, curdate(), 'POR', 'Onana', 'André', 'Onana_INT.jpg', 6),
(182, curdate(), 'MCD', 'Medel', 'Gary', 'Gary_Medel_INT.jpg', 7),
(183, curdate(), 'LD', 'Yao', 'Elonge', 'Elonge_Yao_INT.jpg', 8),
(184, curdate(), 'DFC', 'Murillo', 'Jeison', 'Murillo_INT.jpg', 9),
(185, curdate(), 'DC', 'Livaja', 'Marko', 'Livaja_INT.jpg', 10),
(186, curdate(), 'MC', 'Olsen', 'Patrick', 'Patrick_Olsen_INT.jpg', 11),
(187, curdate(), 'POR', 'Handanovic', 'Samir', 'Handanovic_INT.jpg', 12),
(188, curdate(), 'POR', 'Martinez', 'Josep', 'Josep_Martinez_INT.jpg', 13),
(189, curdate(), 'DC', 'Thuram', 'Marcus', 'Thuram_INT.jpg', 15),
(190, curdate(), 'MI', 'Asamoah', 'Kwadwo', 'Asamoah_INT.jpg', 17),
(191, curdate(), 'LD', 'Young', 'Ashley', 'Ashley_Young_INT.jpg', 18),
(192, curdate(), 'MC', 'Barella', 'Nicolo', 'Barella_INT.jpg', 20),
(193, curdate(), 'MC', 'Kharja', 'Houssine', 'Kharja_INT.jpg', 21),
(194, curdate(), 'LD', 'Dumfries', 'Denzel', 'Dumfries_INT.jpg', 24),
(195,  curdate(), 'MC', 'Zielinski', 'Piotr', 'Zielinski_INT.jpg', 25),
(196, curdate(), 'LD', 'Soares', 'Cedric', 'Soares_INT.jpg', 26),
(197, curdate(), 'EI', 'Baldé', 'Keita', 'Keita_Balde_INT.jpg', 27),
(198, curdate(), 'MCD', 'Stankovic', 'Aleksandar', 'Stankovic_INT.jpg', 28),
(199, curdate(), 'DC', 'Ibrahimovic', 'Zlatan', 'Ibra_INT.jpg', 29),
(200, curdate(), 'POR', 'Sommer', 'Yann', 'Sommer_INT.jpg', 30),
(201, curdate(), 'MCO', 'Calhanoglu', 'Hakan', 'Calhanoglu_INT.jpg', 31),
(202, curdate(), 'MC', 'Vecino', 'Matias', 'Vecino_INT.jpg',  33),
(203, curdate(), 'DC', 'Füllkrug', 'Niklas', 'Fullkrug_ACN.jpg', 1),
(204,  curdate(), 'DFC', 'Pellegrino', 'Lorenzo', 'Pellegrino_ACM.jpg', 2),
(205, curdate(), 'MCD', 'Ndiaye', 'Amath', 'Amath_Ndiaye_ATM.jpg', 27);