insert into  banderas(id,created_at,pais,bandera) values
(1, curdate(), 'Alemania', 'Alemania.png'),
(2, curdate(), 'Argentina', 'Argentina.jpg'),
(3, curdate(), 'Austria', 'Austria.png'),
(4, curdate(), 'Belgica', 'Belgica.png'),
(5, curdate(), 'Brasil', 'Brasil.png'),
(6, curdate(), 'Camerún', 'Camerun.png'),
(7, curdate(), 'Chile', 'Chile.png'),
(8, curdate(), 'Costa de Marfll', 'CMarfil.png'),
(9, curdate(), 'Colombia', 'Colombia.png'),
(10, curdate(), 'Croacia', 'Croacia.png'),
(11, curdate(), 'Dinamarca', 'Dinamarca.png'),
(12, curdate(), 'Eslovenia', 'Eslovenia.png'),
(13, curdate(), 'España', 'Espania.png'),
(14, curdate(), 'Estados Unidos', 'Estados_Unidos.png'),
(15, curdate(), 'Francia', 'Francia.png'),
(16, curdate(), 'Gales', 'Gales.png'),
(17, curdate(), 'Ghana', 'Ghana.png'),
(18, curdate(), 'Inglaterra', 'Inglaterra.png'),
(19, curdate(), 'Irlanda', 'Irlanda.png'),
(20, curdate(), 'Italia', 'Italia.png'),
(21, curdate(), 'Marruecos', 'Marruecos.png'),
(22, curdate(), 'Mexico', 'Mexico.png'),
(23, curdate(), 'Noruega', 'Noruega.png'),
(24, curdate(), 'Paises Bajos', 'Paises_Bajos.png'),
(25, curdate(), 'Polonia', 'Polonia.png'),
(26, curdate(), 'Portugal', 'Portugal.png'),
(27, curdate(), 'Senegal', 'Senegal.png'),
(28, curdate(), 'Serbia', 'Serbia.png'),
(29, curdate(), 'Suecia', 'Suecia.png'),
(30, curdate(), 'Suiza', 'Suiza.png'),
(31, curdate(), 'Turquia', 'Turquia.png'),
(32, curdate(), 'Ucrania', 'Ucrania.png'),
(33, curdate(), 'Uruguay', 'Uruguay.png');
insert into equipos(id,created_at,nombre,escudo) values
(1, curdate(), 'Milan', 'AC_Milan.png'),
(2, curdate(), 'Ajax', 'AFC_Ajax.png'),
(3, curdate(), 'Arsenal', 'Arsenal.png'),
(4, curdate(), 'Atletico de Madrid', 'Atletico.png'),
(5, curdate(), 'Borussia Dortmund', 'Borussia_Dortmund.png'),
(6, curdate(), 'Chelsea', 'Chelsea.png'),
(7, curdate(), 'Barcelona', 'FC_Barcelona.png'),
(8, curdate(), 'Bayer Munich', 'FC_Bayern_Munchen.png'),
(9, curdate(), 'Inter', 'Inter_Milan.png'),
(10, curdate(), 'Juventus', 'Juventus.png'),
(11, curdate(), 'Liverpool', 'Liverpool.png'),
(12, curdate(), 'Manchester City', 'Manchester_City.png'),
(13, curdate(), 'Manchester United', 'Manchester_United.png'),
(14, curdate(), 'PSG', 'PSG.png'),
(15, curdate(), 'Real Madrid', 'Real_Madrid.png'),
(16, curdate(), 'Tottenham', 'Tottenham.png');
insert into jugadors(id,created_at,posicion,apellido,nombre,foto,bandera_id) values 
(1, curdate(), 'DC', 'Younes', 'Amin','Amin_Younes_AJA.jpg', 1),
(2, curdate(),  'DFC', 'Martinez', 'Lisandro', 'licha_AJA.jpg', 2),
(3, curdate(), 'DC', 'Bodul', 'Darko', 'Darko_Bodul_AJA.jpg', 3),
(4, curdate(), 'DFC', 'Vertonghen', 'Jan', 'Jan_Vertonghen_AJA.jpg', 4),
(5, curdate(), 'ED', 'Antony', 'Antony', 'antony_AJA.jpg', 5),
(6, curdate(), 'POR', 'Onana', 'André' , 'Onana_AJA.jpg', 6),
(7, curdate(), 'DFC', 'Sanchez', 'Davinson', 'davinson-sanchez_AJA.jpg', 9),
(8, curdate(), 'DC', 'Haller', 'Sebastien', 'Sebastien_Haller_AJA.jpg', 8),
(9, curdate(), 'LI', 'Sosa', 'Borna', 'Borna_Sosa_AJA.jpg', 10),
(10, curdate(), 'MC', 'Eriksen', 'Christian', 'eriksen_AJA.jpg', 11),
(11, curdate(), 'DC', 'Krkic', 'Bojan', 'Bojan_Krkic_AJA.jpg', 13),
(12, curdate(), 'LD', 'Dest', 'Sergiño', 'dest_AJA.jpg', 14),
(13, curdate(), 'DC', 'Sanogo',  'Yaya', 'Yaya_Sanogo_AJA.jpg', 15),
(14, curdate(), 'MCD', 'Quansah', 'Kwame', 'Kwame_Quansah_AJA.jpg', 17),
(15, curdate(), 'MCD', 'Henderson', 'Jordan', 'Jordan_Henderson_AJA.jpg', 18),
(16, curdate(), 'DFC', 'Rugani', 'Daniele','Daniele_Rugani_AJA.jpg', 20),
(17, curdate(), 'ED', 'Ziyech', 'Hakim', 'Ziyech_AJA.jpg', 21),
(18, curdate(), 'MCD', 'Alvarez', 'Edson', 'edson_alvarez_AJA.jpg', 22),
(19, curdate(), 'LD', 'Bergdolmo', 'André', 'Andre_Bergdolmo_AJA.jpg', 23),
(20, curdate(), 'DFC', 'Blind', 'Daley', 'DB_AJA.jpg', 24),
(21, curdate(), 'DC', 'Milik', 'Arkadius', 'Arkadiusz_Milik_AJA.jpg', 25),
(22, curdate(), 'POR', 'Varela', 'Bruno', 'Bruno_Varela_AJA.jpg', 26),
(23, curdate(), 'MC', 'Coulibaly', 'Mamadou', 'Mamadou_Coulibaly_AJA.jpg', 27),
(24, curdate(), 'DC', 'Zigic', 'Nikola', 'Nikola_Zigic_AJA.jpg', 28),
(25, curdate(), 'DC', 'Ibrahimovic', 'Zlatan', 'ibra_AJA.jpg', 29),
(26, curdate(), 'DC', 'Gonzalez', 'Lorenzo', 'Lorenzo_Gonzalez_AJA.jpg', 30),
(27, curdate(), 'MCO', 'Sahin', 'Nuri', 'Nuri_Sahin_AJA.jpg', 31),
(28, curdate(), 'DC', 'Suarez', 'Luis', 'luis_suarez_AJA.jpg', 33),
(29, curdate(), 'EI', 'Musiala', 'Jamal', 'Musiala_BAY.jpg', 1),
(30, curdate(), 'DFC', 'Demilchelis', 'Martin', 'Demichelis_BAY.jpg', 2),
(31, curdate(), 'DFC', 'Alaba', 'David', 'Alaba_BAY.jpg', 3),
(32, curdate(), 'DFC', ' van Buyten', 'Daniel', 'Van_Buyten_BAY-jpg', 4),
(33, curdate(), 'EI', 'Coutihho', 'Phillippe', 'Coutinho_BAY.jpg', 5),
(34, curdate(), 'DC', 'Moting', 'ChouPO','Choupo_Motinmg_BAY.jpg', 6),
(35, curdate(), 'MCD', 'Vidal', 'Arturo', 'Arturo_Vidal_BAY.jpg', 7),
(36, curdate(), 'MCO', 'Rodriguez', 'James', 'James_Rodriguez_BAT.jpg', 9),
(37, curdate(), 'MCD', 'Hojberg', 'Pierre-Emile', 'Hojbergv.jpg', 11),
(38, curdate(), 'LD', 'Odriozola', 'Álvaro', 'Odriozola_BAY', 13),
(39, curdate(), 'MCO', 'Donovan', 'Landon', 'Landon_Donovan_BAY.jpg', 14),
(40, curdate(), 'LD', 'Boey', 'Nathan', 'Boey_BAY.jpg', 15),
(41, curdate(), 'DC', 'Kane', 'Harry', 'Kane_BAY.jpg', 18),
(42, curdate(), 'DC', 'Toni', 'Luca', 'Luca_Toni_BAY.jpg', 20),
(43, curdate(), 'DFC', 'Benatia', 'Medhi', 'Benatia_BAY.jpg', 21),
(44, curdate(), 'MC', 'Gravenberch', 'Ryan', 'Gravenberch_BAY', 24),
(45, curdate(), 'DC', 'Lewandowski', 'Robert', 'Lewandowski_BAY.jpg', 25),
(46, curdate(), 'MCD', 'Palhinha', 'Joao', 'Palhinha_BAY.jpg', 26),
(47, curdate(), 'EI', 'Mané', 'Sadio', 'Mane_BAY.jpg', 27),
(48, curdate(), 'DFC', 'Andersson', 'Patrik', 'Patrik_Andersson_BAY.jpg', 29),
(49, curdate(), 'ED', 'Shaqiri', 'Xherdan', 'Shaqiri_BAY.jpg', 30),
(50, curdate(), 'DC', 'Altintop', 'Hamit', 'Altintop_BAY.jpg', 31),
(51, curdate(), 'DC', 'Tymoschukk', 'Anatolly', 'Anatolly_Tymoschuk_BAY.jpg', 32),
(52, curdate(), 'MCO', 'Reus', 'Marco', 'Reus_BVB.jpg', 1),
(53, curdate(), 'DFC', 'Balerdi', 'Leonardo', 'Balerdi_BVB.jpg', 2),
(54, curdate(), 'MC', 'Sabitzer', 'Marcel', 'Sabitzer_BVB.jpg', 3),
(55, curdate(), 'EI', 'Hazard', 'Thorgan','Thorgan_Hazard_BVB.jpg', 4),
(56, curdate(), 'CAR', 'Couto', 'Yan', 'Yan_Couto_BVB.jpg', 5),
(57, curdate(), 'MCO', 'Barrios', 'Adrian', 'Adrian_Barrios_BVB.jpg', 9),
(58, curdate(), 'DC', 'Haller', 'Sebastien', 'Haller_BVB.jpg', 8),
(60, curdate(), 'MCD', 'Delaney', 'Thomas', 'Delaney_BVB.ljpg', 11),
(61, curdate(), 'MC', 'Kampl', 'Toni', 'Kampl_BVB.jpg¡', 12),
(62, curdate(), 'DC', 'Alcacer', 'Paco', 'Paco_Alcacer_BVB.jpg', 13),
(63, curdate(), 'EI', 'Reyna', 'Giovanni', 'Reyna_BVB.jpg', 14),
(64, curdate(), 'DFC', 'Coulibaly', 'Soumaila', 'Coulibaly_BVB.jpg', 15),
(65, curdate(), 'DC', 'Boateng', 'Kevin-Prince', 'Boateng_BVB.jpg', 17),
(66, curdate(), 'EI', 'Bynoe-Gittens', 'Jamie', 'Bynoe-Gittens_BVB.jpg', 18),
(67, curdate(), 'DC', 'Immobile', 'Ciro', 'Immobille_BVB.jpg', 20),
(68, curdate(), 'LD', 'Hakimi', 'Achraf', 'Hakimi_BVB.jpg', 21),
(69, curdate(), 'DC', 'Haaland', 'Eerling', 'Haaland_BVB.jpg', 23),
(70, curdate(), 'LI', 'Maatsen', 'Ian', 'Maatsen_BVB.jpg', 24),
(71, curdate(), 'EI', 'Blaszczykowski', 'Jakub', 'Blaszczykowski_BVB.jpg', 25),
(72, curdate(), 'LI', 'Guerreiro', 'Raphael',    'Guerreiro_BVB.jpg', 26),
(73, curdate(), 'ED', 'Diallo', 'Amad', 'Diallo_BVB.jpg', 27),
(74, curdate(), 'LD', 'Rukavina', 'Antonio', 'Antonio_Rukavina_BVB.jpg', 28),
(75, curdate(), 'DC', 'isak', 'Aleksander', 'Isak_BVB.jpg', 29),
(76, curdate(), 'POR', 'Kobel', 'Gregor', 'Kobel_BVB.jpg', 30),
(77, curdate(), 'ED', 'Mor', 'Emre', 'Emre_Mor_ BVB.jpg', 31),
(78, curdate(), 'ED', 'Yarmolenko', 'Andriy', 'Yarmolenko_BVB.jpg', 32),
(79, curdate(), 'DC', 'Alvarez', 'Julián','Julian_Alvarez_ATM.jpg', 2),
(80, curdate(), 'EI', 'Carrasco', 'Yannick-Ferreira', 'Carrasco_ATM', 4),
(81, curdate(), 'DFC', 'Miranda', 'Joao', 'Miranda_ATM.jpg', 5),
(82, curdate(), 'DC', 'Martinez', 'Jackson', 'Jackson_Martinez_ATM', 9),
(84, curdate(), 'MC', 'Wass', 'Daniel', 'Wass_ATM.jpg', 11),
(85, curdate(), 'POR', 'Oblak', 'Jan', 'Oblak_ATM.jpg', 12), 
(86, curdate(), 'DC', 'Torres', 'Fernando', 'Torres_ATM.jpg', 13),
(87, curdate(), 'DC', 'Gameiro', 'Kevin', 'Gameiro_ATM.jpg', 15),
(88, curdate(), 'MC', 'Partey', 'Thomas', 'Thomas_ATM.jpg', 17),
(89, curdate(), 'LD', 'Trippier', 'Kieran', 'Trippier_ATM.jpg', 18),
(90, curdate(), 'MC', 'Doherty', 'Jack', 'Doherty_ATM.jpg', 19),
(91, curdate(), 'POR', 'Abbiatti', 'Franco', 'Abbiati_ATN.jpg', 20),
(92, curdate(), 'POR', 'Bounou', 'Yacine', 'Bono_ATM.jpg', 21),
(93, curdate(), 'DC', 'Jimenez', 'Raul', 'Raul_Jimenez_ATM.jpg', 22),
(94, curdate(), 'DC', 'Sorloth', 'Alexander', 'Sorloth_ATM.jpg', 23),
(95, curdate(), 'DC', 'Depay', 'Memphis', 'Depay_ATM.jpg', 24),
(96, curdate(), 'EI', 'Jota', 'Diogo', 'Diogo_Jota_ATM.jpg', 26),
(97, curdate(), 'DC', 'Saponjic', 'Ivan', 'Ivan_Saponjic_ATM.jpg', 28),
(98, curdate(), 'MCD', 'Wicky', 'Raphael', 'Raphael_Wicky_ATM.jpg', 30),
(99, curdate(), 'MC', 'Turan', 'Arda', 'Arda_Turan_ATM.jpg', 31),
(100, curdate(), 'DC', 'Forlan', 'Diego', 'Forlan_ATM.jpg', 33),
(101, curdate(), 'POR', 'Ter Stegen', 'Marc André', 'Ter_Stegen_FCB.jpg', 1),
(102, curdate(), 'ED', 'Saviola', 'Javier', 'Saviola_FCB.jpg', 2),
(103, curdate(), 'DC', 'Demir', 'Yusuf', 'Demir_FCB.jpg', 3),
(104, curdate(),  'DFC', 'Vermaelen', 'Thomas', 'Vermaelen_FCB.jpg', 4),
(105, curdate(), 'POR', 'Neto', 'Norberto', 'Neto_FCB.jpg', 5),
(106,curdate(), 'MCO', 'Song', 'Alex', 'Song_FCB.jpg', 6),
(108, curdate(), 'DFC', 'Mina', 'Yerry', 'Yerry_Mina_FCB.jpg', 9),
(109, curdate(), 'MC', 'Touré', 'Yaya', 'Toure_FCB,jpg', 8),
(110, curdate(), 'DC', 'Braithwaite', 'Martin', 'Braithwaite_FCB.jpg', 11),
(111, curdate(), 'DFC', 'Cubarsí', 'Pau', 'Cubarsi_FCB.jpg', 13),
(112, curdate(), 'LD', 'Dest', 'Sergiño', 'Dest_FCB.jpg',  14),
(113, curdate(), 'LD', 'Koundé', 'Jules', 'Kounde_FCB.jpg', 15),
(115, curdate(), 'MC', 'Motta', 'Thiago', 'Thiago_Motta_FCB.jpg', 20),
(116, curdate(), 'ED', 'Ezzazouli', 'Abde', 'Abde_FCB.jpg', 21),
(117, curdate(), 'DFC', 'Marquez', 'Rafa', 'Marquez_FCB.jpg', 22),
(118, curdate(), 'DC', 'de Jong', 'Luuk', 'Luuk_de_Jong_FCB.jpg', 24),
(119, curdate(), 'POR', 'Szczesny', 'Wojlclech', 'Wojlclech_Szczesny_FCB.jpg', 25),
(120, curdate(), 'ED', 'Quaresma', 'Ricardo', 'Quaresma_FCB.jpg', 26),
(121, curdate(), 'DC', 'Larsson', 'Henrik', 'Larsson_FCB.jpg', 29),
(123, curdate(), 'DFC', 'Chygrynsky', 'Dmytro', 'Chygrynsky_FCB.jpg', 32),
(124, curdate(), 'DFC', 'Araujo', 'Ronald', 'Araujo_FCB.jpg', 33),
(125, curdate(),'MC', 'Kroos', 'Toni', 'Kroos_RMA.jpg', 1),
(126, curdate(), 'ED', 'Mastantuono', 'Franco', 'Mastantuono_RMA.jpg', 2),
(128, curdate(), 'POR', 'Courtois', 'Thibaut', 'Courtois_RMA.jpg', 4),
(129, curdate(), 'EI', 'Vini', 'JR', 'Vini_RMA.jpg', 5),
(130, curdate(), 'MC', 'Geremi', 'Njitap', 'Geremi_RMA.jpg', 6),
(131, curdate(), 'MC', 'Rincón', 'Freddy', 'Freddy_Rincon_RMA.jpg', 8),
(132, curdate(), 'MC', 'Kovacic', 'Mateo', 'Kovacic_RMA.jpg', 10),
(133, curdate(), 'MCD', 'Gravesen', 'Thomas', 'Gravesen_RMA.jpg', 11),
(134, curdate(), 'DFC', 'Asencio', 'Raul', 'Asencio_RMA.jpg', 13),
(135, curdate(), 'DC', 'Mbappé', 'Kylian', 'Mbappe_RMA.jpg', 15),
(136, curdate(), 'ED', 'Bale', 'Gareth', 'Bale_RMA.jpg', 16),
(137, curdate(), 'MCD', 'Essien', 'Michael', 'Essien_RMA.jpg', 17),
(138, curdate(), 'MC', 'Bellingham', 'Jude', 'Bellingham_RMA.jpg', 18), 
(139, curdate(), 'DFC', 'Cannavaro', 'Fabio', 'Cannavaro_RMA.jpg',  20),
(140, curdate(), 'ED', 'Diaz', 'Brahim', 'Brahim_RMA.jpg',21),
(141, curdate(), 'DC', 'Chicharito', 'Javier', 'Chicharito_RMA.jpg', 22),
(142, curdate(), 'MCO', 'Ødegaard', 'Martin', 'Odegaard_RMA.jpg', 23),
(143, curdate(), 'MCO', 'van der Vaart', 'Rafael', 'van_der_Vaart_RMA.jpg', 24),
(144, curdate(), 'POR', 'Dudek', 'Jerzy', 'Dudek_RMA.jpg', 25),
(145, curdate(), 'LI', 'Coentrao', 'Fabio', 'Coentrao_RMA.jpg', 26),
(146, curdate(), 'DC', 'Jović', 'Luka', 'Jovic_RMA.jpg', 28),
(147, curdate(), 'MCO', 'Güller', 'Arda', 'Arda_Guller_RMA.jpg', 31),
(148, curdate(), 'POR', 'Lunin', 'Andriy', 'Lunin_RMA.jpg', 32),
(149, curdate(), 'MC', 'Valverde', 'Federico', 'Fede_RMA.jpg', 33),
(150, curdate(), 'DFC', 'Kehrer', 'Thilo', 'Thilo_Keher_PSG.jpg', 1),
(151, curdate(), 'EI', 'Lavezzi', 'Ezequiel', 'Lavezzi_PSG.jpg', 2),
(152, curdate(), 'LD', 'Meunier', 'Thomas', 'Meunier_PSG.jpg', 4),
(153, curdate(),  'DFC', 'Beraldo', 'Lucas', 'Beraldo_PSG.jpg', 5),
(154, curdate(), 'MC', 'Dina Ebimbe', 'Junior', 'Junior_Dina_Ebimbe.jpg', 6),
(155, curdate(), 'LD', 'Aurier', 'Serge', 'Aurier_PSG.jpg', 8),
(156, curdate(), 'DFC', 'Yepes', 'Mario', 'Yepes_PSG.jpg', 9),
(157, curdate(), 'DFC', 'Skriniar', 'Milan', 'Skriniar_PSG.jpg', 12),
(158, curdate(), 'MC', 'Ruíz', 'Fabian', 'Fabian_PSG.jpg', 13),
(159, curdate(), 'MCO', 'Weah', 'Timothy', 'Weah_PSG.jpg', 14),     
(160, curdate(), 'DC', 'Kolo Muani', 'Randal', 'Kolo_Muani_PSG.jpg', 15),
(161, curdate(), 'MC', 'Nyarko', 'Alex', 'Alex_Nyarko_PSG.jpg', 17),
(162, curdate(), 'MC', 'Beckham', 'David', 'Beckham_PSG.jpg', 18),
(163, curdate(), 'MC', 'Verratti', 'Marco', 'Verrtti_PSG.jpg', 20),
(164, curdate(), 'DFC', 'El Hammach', 'Naoufel', 'Naoufel_El_Hannach.jpg', 21),
(165, curdate(), 'MC', 'Wijnaldum', 'Georginio', 'Wijnaldum_PSG.jpg', 24),
(166, curdate(), 'MCD', 'Krychowiak', 'Gregorz', 'Krychowiak_PSG.jpg', 25),
(167, curdate(), 'MC', 'Neves', 'Joao', 'Joao_Neves_PSG.jpg', 26),
(168, curdate(), 'ED', 'Mbaye', 'Ibrahima', 'Mbaye_PSG.jpg', 27),
(170, curdate(), 'DFC', 'Bisevac', 'Milan', 'Milan_Bisevac_PSG.jpg', 28),
(171, curdate(), 'DC', 'Inrahimovic', 'Zlatan', 'Zlatan_PSG.jpg', 29),
(172, curdate(), 'MCO', 'Yakin', 'Hakan', 'Hakam_Yakin_PSG.jpg', 30),
(173, curdate(), 'DC', 'Erdinç', 'Mavlüt', 'Mavlut_Erdinc_PSG.jpg', 31),
(174, curdate(), 'DFC', 'Zabarnyl', 'Ilya', 'Ilya_Zabarnyl_PSG.jpg', 32),
(175,  curdate(), 'DC', 'Cavani', 'Edinson', 'Cavani_PSG.jpg', 33),
(176, curdate(), 'DFC', 'Bisseck', 'Yann', 'Bisseck_INT.jpg', 1),
(177, curdate(), 'DC', 'Martinez', 'Lautaro', 'Lautaro_INT.jpg', 2),
(178, curdate(), 'MD', 'Lazaro', 'Valentin', 'Valentin_Lazaro_INT.jpg', 3),
(179, curdate(), 'DC', 'Lukaku', 'Romelu', 'Lukaku_INT.jpg', 4),
(180, curdate(), 'DC', 'Barbosa', 'Gabriel', 'Gabigol_INT.jpg', 5), 
(182, curdate(), 'MCD', 'Medel', 'Gary', 'Gary_Medel_INT.jpg', 7),
(183, curdate(), 'LD', 'Yao', 'Elonge', 'Elonge_Yao_INT.jpg', 8),
(184, curdate(), 'DFC', 'Murillo', 'Jeison', 'Murillo_INT.jpg', 9),
(185, curdate(), 'DC', 'Livaja', 'Marko', 'Livaja_INT.jpg', 10),
(186, curdate(), 'MC', 'Olsen', 'Patrick', 'Patrick_Olsen_INT.jpg', 11),
(187, curdate(), 'POR', 'Handanovic', 'Samir', 'Handanovic_INT.jpg', 12),
(188, curdate(), 'POR', 'Martinez', 'Josep', 'Josep_Martinez_INT.jpg', 13),
(189, curdate(), 'DC', 'Thuram', 'Marcus', 'Thuram_INT.jpg', 15),
(190, curdate(), 'MI', 'Asamoah', 'Kwadwo', 'Asamoah_INT.jpg', 17),
(191, curdate(), 'LD', 'Young', 'Ashley', 'Ashley_Young_INT.jpg', 18),
(192, curdate(), 'MC', 'Barella', 'Nicolo', 'Barella_INT.jpg', 20),
(193, curdate(), 'MC', 'Kharja', 'Houssine', 'Kharja_INT.jpg', 21),
(194, curdate(), 'LD', 'Dumfries', 'Denzel', 'Dumfries_INT.jpg', 24),
(195,  curdate(), 'MC', 'Zielinski', 'Piotr', 'Zielinski_INT.jpg', 25),
(196, curdate(), 'LD', 'Soares', 'Cedric', 'Soares_INT.jpg', 26),
(197, curdate(), 'EI', 'Baldé', 'Keita', 'Keita_Balde_INT.jpg', 27),
(198, curdate(), 'MCD', 'Stankovic', 'Aleksandar', 'Stankovic_INT.jpg', 28),
(199, curdate(), 'DC', 'Ibrahimovic', 'Zlatan', 'Ibra_INT.jpg', 29),
(200, curdate(), 'POR', 'Sommer', 'Yann', 'Sommer_INT.jpg', 30),
(201, curdate(), 'MCO', 'Calhanoglu', 'Hakan', 'Calhanoglu_INT.jpg', 31),
(202, curdate(), 'MC', 'Vecino', 'Matias', 'Vecino_INT.jpg',  33),
(203, curdate(), 'DC', 'Füllkrug', 'Niklas', 'Fullkrug_ACN.jpg', 1),
(204,  curdate(), 'DFC', 'Pellegrino', 'Lorenzo', 'Pellegrino_ACM.jpg', 2),
(205, curdate(), 'MCD', 'Ndiaye', 'Amath', 'Amath_Ndiaye_ATM.jpg', 27);

INSERT INTO `trayectorias` VALUES (1,'2026-03-24 12:03:26','2026-03-24 12:03:26',2,1),(2,'2026-03-24 12:14:42','2026-03-24 12:14:42',2,2),(3,'2026-03-24 12:14:58','2026-03-24 12:14:58',13,2),(4,'2026-03-24 12:20:34','2026-03-24 12:20:34',2,4),(5,'2026-03-24 12:22:47','2026-03-24 12:22:47',16,4),(6,'2026-03-24 12:27:16','2026-03-24 12:27:16',2,3),(7,'2026-03-24 12:28:14','2026-03-24 12:28:14',2,5),(8,'2026-03-24 12:29:06','2026-03-24 12:29:06',13,5),(9,'2026-03-24 12:29:43','2026-03-24 12:29:43',2,6),(10,'2026-03-24 12:30:46','2026-03-24 12:30:46',13,6),(11,'2026-03-24 12:31:35','2026-03-24 12:31:35',2,7),(12,'2026-03-24 12:32:35','2026-03-24 12:32:35',16,7),(13,'2026-03-24 12:33:47','2026-03-24 12:33:47',1,8),(14,'2026-03-24 12:35:01','2026-03-24 12:35:01',2,9),(15,'2026-03-25 07:56:42','2026-03-25 07:56:42',1,8),(16,'2026-03-25 07:57:49','2026-03-25 07:57:49',2,10),(17,'2026-03-25 07:58:52','2026-03-25 07:58:52',2,11),(18,'2026-03-25 08:00:05','2026-03-25 08:00:05',2,12),(19,'2026-03-25 08:01:42','2026-03-25 08:01:42',2,13),(20,'2026-03-25 08:02:38','2026-03-25 08:02:38',2,15),(21,'2026-03-25 08:05:03','2026-03-25 08:05:03',11,15),(22,'2026-03-25 08:05:55','2026-03-25 08:05:55',2,16),(23,'2026-03-25 08:07:20','2026-03-25 08:07:20',10,16),(24,'2026-03-25 08:08:09','2026-03-25 08:08:09',6,17),(25,'2026-03-25 08:20:44','2026-03-25 08:20:44',2,17),(26,'2026-03-25 08:23:59','2026-03-25 08:23:59',16,10),(27,'2026-03-25 08:24:57','2026-03-25 08:24:57',13,10),(28,'2026-03-25 08:25:56','2026-03-25 08:25:56',2,18),(29,'2026-03-25 08:27:18','2026-03-25 08:27:18',2,19),(30,'2026-03-25 08:36:11','2026-03-25 08:36:11',2,20),(31,'2026-03-25 08:37:29','2026-03-25 08:37:29',2,21),(32,'2026-03-25 08:40:29','2026-03-25 08:40:29',2,22),(33,'2026-03-25 08:46:05','2026-03-25 08:46:05',2,23),(34,'2026-03-25 08:47:18','2026-03-25 08:47:18',2,24),(35,'2026-03-25 08:48:34','2026-03-25 08:48:34',2,25),(36,'2026-03-25 09:01:53','2026-03-25 09:01:53',1,25),(37,'2026-03-25 09:04:07','2026-03-25 09:04:07',9,25),(38,'2026-03-25 09:11:01','2026-03-25 09:11:01',10,25),(39,'2026-03-25 09:15:31','2026-03-25 09:15:31',13,25),(40,'2026-03-25 09:17:42','2026-03-25 09:17:42',2,26),(41,'2026-03-25 09:19:00','2026-03-25 09:19:00',2,27),(42,'2026-03-25 09:21:02','2026-03-25 09:21:02',2,28),(43,'2026-03-25 09:24:59','2026-03-25 09:24:59',11,28),(44,'2026-03-25 09:29:08','2026-03-25 09:29:08',8,29),(45,'2026-03-25 09:31:27','2026-03-25 09:31:27',8,30),(46,'2026-03-25 09:36:16','2026-03-25 09:36:16',12,30),(47,'2026-03-25 09:40:38','2026-03-25 09:40:38',8,31),(48,'2026-03-25 09:43:24','2026-03-25 09:43:24',15,31),(49,'2026-03-25 09:48:11','2026-03-25 09:48:11',8,32),(50,'2026-03-25 09:51:00','2026-03-25 09:51:00',8,33),(51,'2026-03-25 09:54:22','2026-03-25 09:54:22',8,34),(52,'2026-03-26 08:46:16','2026-03-26 08:46:16',8,35),(53,'2026-03-26 08:46:16','2026-03-26 08:46:16',8,35),(54,'2026-03-26 08:48:51','2026-03-26 08:48:51',9,35),(55,'2026-03-26 09:03:04','2026-03-26 09:03:04',7,35),(56,'2026-03-26 09:04:53','2026-03-26 09:04:53',8,36),(57,'2026-03-26 09:07:16','2026-03-26 09:07:16',15,36),(58,'2026-03-26 09:14:17','2026-03-26 09:14:17',8,37),(59,'2026-03-26 09:18:36','2026-03-26 09:18:36',16,37),(60,'2026-03-26 09:28:46','2026-03-26 09:28:46',8,38),(61,'2026-03-26 09:31:08','2026-03-26 09:31:08',8,39),(62,'2026-03-26 09:38:56','2026-03-26 09:38:56',8,40),(63,'2026-03-26 09:41:45','2026-03-26 09:41:45',8,41),(64,'2026-03-26 09:47:30','2026-03-26 09:47:30',8,42),(65,'2026-03-26 09:50:26','2026-03-26 09:50:26',8,43),(66,'2026-03-26 09:58:03','2026-03-26 09:58:03',10,43),(67,'2026-03-26 10:03:38','2026-03-26 10:03:38',8,44),(68,'2026-03-26 10:06:41','2026-03-26 10:06:41',11,44),(69,'2026-03-26 10:08:54','2026-03-26 10:08:54',8,45),(70,'2026-03-26 11:28:35','2026-03-26 11:28:35',5,45),(71,'2026-03-26 11:33:53','2026-03-26 11:33:53',7,45),(72,'2026-03-26 11:46:49','2026-03-26 11:46:49',16,41),(73,'2026-03-26 11:49:08','2026-03-26 11:49:08',8,46),(74,'2026-03-26 11:50:17','2026-03-26 11:50:17',8,47),(75,'2026-03-26 11:54:31','2026-03-26 11:54:31',11,47),(76,'2026-03-26 11:57:17','2026-03-26 11:57:17',8,48),(77,'2026-03-26 12:01:05','2026-03-26 12:01:05',8,49),(78,'2026-03-26 12:04:46','2026-03-26 12:04:46',11,49),(79,'2026-03-26 12:10:14','2026-03-26 12:10:14',8,50),(80,'2026-03-26 12:10:21','2026-03-26 12:10:21',1,1),(81,'2026-03-26 12:16:34','2026-03-26 12:16:34',8,51),(82,'2026-03-26 12:19:28','2026-03-26 12:19:28',5,52),(83,'2026-03-26 12:23:18','2026-03-26 12:23:18',5,53),(84,'2026-03-26 12:26:34','2026-03-26 12:26:34',13,54),(85,'2026-03-26 12:26:34','2026-03-26 12:26:34',13,54),(86,'2026-03-26 12:30:35','2026-03-26 12:30:35',5,54),(87,'2026-03-26 12:34:37','2026-03-26 12:34:37',5,55),(88,'2026-03-26 12:34:37','2026-03-26 12:34:37',5,55),(89,'2026-03-26 12:38:12','2026-03-26 12:38:12',5,56),(90,'2026-03-26 12:38:12','2026-03-26 12:38:12',5,56),(91,'2026-03-27 08:39:40','2026-03-27 08:39:40',5,57),(92,'2026-03-27 08:42:35','2026-03-27 08:42:35',2,8),(93,'2026-03-27 08:43:24','2026-03-27 08:43:24',5,8),(94,'2026-03-27 08:50:49','2026-03-27 08:50:49',7,28),(95,'2026-03-27 08:52:39','2026-03-27 08:52:39',5,60),(96,'2026-03-27 08:55:45','2026-03-27 08:55:45',5,61),(97,'2026-03-27 08:59:50','2026-03-27 08:59:50',5,62),(98,'2026-03-27 09:02:26','2026-03-27 09:02:26',7,62),(99,'2026-03-27 09:04:26','2026-03-27 09:04:26',5,64),(100,'2026-03-27 09:10:08','2026-03-27 09:10:08',5,65),(101,'2026-03-27 09:13:27','2026-03-27 09:13:27',7,65),(102,'2026-03-27 09:17:31','2026-03-27 09:17:31',5,66),(103,'2026-03-27 09:18:27','2026-03-27 09:18:27',6,66),(104,'2026-03-27 09:21:17','2026-03-27 09:21:17',5,67),(105,'2026-03-27 09:23:43','2026-03-27 09:23:43',5,68),(106,'2026-03-27 09:26:19','2026-03-27 09:26:19',15,68),(107,'2026-03-27 09:28:09','2026-03-27 09:28:09',9,68),(108,'2026-03-27 09:32:41','2026-03-27 09:32:41',12,69),(109,'2026-03-27 09:35:32','2026-03-27 09:35:32',5,69),(110,'2026-03-27 09:37:36','2026-03-27 09:37:36',5,70),(111,'2026-03-27 09:50:24','2026-03-27 09:50:24',12,70),(112,'2026-03-27 09:53:02','2026-03-27 09:53:02',5,71),(113,'2026-03-27 09:57:23','2026-03-27 09:57:23',5,72),(114,'2026-03-27 09:59:26','2026-03-27 09:59:26',8,72),(115,'2026-03-27 10:02:22','2026-03-27 10:02:22',5,73),(116,'2026-03-27 11:02:24','2026-03-27 11:02:24',13,73),(117,'2026-03-27 11:07:27','2026-03-27 11:07:27',5,74),(118,'2026-03-27 11:10:15','2026-03-27 11:10:15',5,75),(119,'2026-03-27 11:12:10','2026-03-27 11:12:10',11,75),(120,'2026-03-27 11:15:06','2026-03-27 11:15:06',5,76),(121,'2026-03-27 11:18:12','2026-03-27 11:18:12',5,77),(122,'2026-03-27 11:19:49','2026-03-27 11:19:49',5,78),(123,'2026-03-27 11:22:36','2026-03-27 11:22:36',4,79),(124,'2026-03-27 11:24:46','2026-03-27 11:24:46',12,79),(125,'2026-03-27 11:27:40','2026-03-27 11:27:40',4,80),(126,'2026-03-27 11:30:03','2026-03-27 11:30:03',4,81),(127,'2026-03-27 11:32:24','2026-03-27 11:32:24',4,82),(128,'2026-03-27 11:34:33','2026-03-27 11:34:33',4,84),(129,'2026-03-27 11:42:54','2026-03-27 11:42:54',4,85),(130,'2026-03-27 11:45:33','2026-03-27 11:45:33',4,86),(131,'2026-03-27 11:48:08','2026-03-27 11:48:08',4,87),(132,'2026-03-27 11:51:05','2026-03-27 11:51:05',4,88),(133,'2026-03-27 11:55:06','2026-03-27 11:55:06',4,89),(134,'2026-03-27 11:58:55','2026-03-27 11:58:55',4,90),(135,'2026-03-27 12:01:21','2026-03-27 12:01:21',4,91),(136,'2026-03-27 12:07:12','2026-03-27 12:07:12',4,92),(137,'2026-03-27 12:13:44','2026-03-27 12:13:44',3,88),(138,'2026-03-27 12:16:17','2026-03-27 12:16:17',4,88),(139,'2026-03-27 12:20:42','2026-03-27 12:20:42',4,93),(140,'2026-03-27 12:25:18','2026-03-27 12:25:18',4,94),(141,'2026-04-07 07:47:00','2026-04-07 07:47:00',7,95),(142,'2026-04-07 07:50:51','2026-04-07 07:50:51',4,95),(143,'2026-04-07 07:54:29','2026-04-07 07:54:29',11,96),(144,'2026-04-07 07:57:26','2026-04-07 07:57:26',4,96),(145,'2026-04-07 07:59:05','2026-04-07 07:59:05',4,97),(146,'2026-04-07 08:02:58','2026-04-07 08:02:58',4,98),(147,'2026-04-07 08:07:02','2026-04-07 08:07:02',4,99),(148,'2026-04-07 08:08:58','2026-04-07 08:08:58',7,99),(149,'2026-04-07 08:12:17','2026-04-07 08:12:17',4,100),(150,'2026-04-07 08:16:16','2026-04-07 08:16:16',7,101),(151,'2026-04-07 08:21:18','2026-04-07 08:21:18',7,102),(152,'2026-04-07 08:25:43','2026-04-07 08:25:43',15,102),(153,'2026-04-07 08:29:23','2026-04-07 08:29:23',7,103),(154,'2026-04-07 08:32:12','2026-04-07 08:32:12',7,104),(155,'2026-04-07 08:32:13','2026-04-07 08:32:13',7,104),(156,'2026-04-07 08:35:05','2026-04-07 08:35:05',16,104),(157,'2026-04-07 08:39:02','2026-04-07 08:39:02',7,105),(158,'2026-04-07 09:56:35','2026-04-07 09:56:35',7,106),(159,'2026-04-08 06:55:52','2026-04-08 06:55:52',7,108),(160,'2026-04-08 06:59:56','2026-04-08 06:59:56',7,109),(161,'2026-04-08 07:01:57','2026-04-08 07:01:57',12,109),(162,'2026-04-08 07:05:09','2026-04-08 07:05:09',7,110),(163,'2026-04-08 07:08:29','2026-04-08 07:08:29',7,111),(164,'2026-04-08 07:12:27','2026-04-08 07:12:27',7,112),(165,'2026-04-08 07:16:29','2026-04-08 07:16:29',7,113),(166,'2026-04-08 07:26:15','2026-04-08 07:26:15',7,115),(167,'2026-04-08 07:31:18','2026-04-08 07:31:18',14,115),(168,'2026-04-08 07:35:26','2026-04-08 07:35:26',7,116),(169,'2026-04-08 07:37:42','2026-04-08 07:37:42',7,117),(170,'2026-04-08 07:47:05','2026-04-08 07:47:05',7,119),(171,'2026-04-08 07:51:52','2026-04-08 07:51:52',10,119),(172,'2026-04-13 07:35:56','2026-04-13 07:35:56',7,120),(173,'2026-04-13 07:44:10','2026-04-13 07:44:10',7,121),(174,'2026-04-13 07:54:12','2026-04-13 07:54:12',7,123),(175,'2026-04-13 07:57:28','2026-04-13 07:57:28',7,124),(176,'2026-04-13 08:06:10','2026-04-13 08:06:10',15,125),(177,'2026-04-13 08:09:26','2026-04-13 08:09:26',8,125),(178,'2026-04-13 08:13:41','2026-04-13 08:13:41',15,126),(179,'2026-04-13 08:15:32','2026-04-13 08:15:32',15,128),(180,'2026-04-13 08:17:52','2026-04-13 08:17:52',4,128),(181,'2026-04-13 08:19:40','2026-04-13 08:19:40',6,128),(182,'2026-04-13 08:21:30','2026-04-13 08:21:30',15,129),(183,'2026-04-13 08:22:55','2026-04-13 08:22:55',15,130),(184,'2026-04-13 08:25:20','2026-04-13 08:25:20',15,131),(185,'2026-04-13 08:26:52','2026-04-13 08:26:52',15,132),(186,'2026-04-13 08:26:53','2026-04-13 08:26:53',15,132),(187,'2026-04-13 08:30:01','2026-04-13 08:30:01',6,132),(188,'2026-04-13 08:32:58','2026-04-13 08:32:58',12,132),(189,'2026-04-13 08:35:39','2026-04-13 08:35:39',15,133),(190,'2026-04-13 08:37:13','2026-04-13 08:37:13',15,134),(191,'2026-04-13 08:37:14','2026-04-13 08:37:14',15,134),(192,'2026-04-13 08:37:14','2026-04-13 08:37:14',15,134),(193,'2026-04-13 08:38:45','2026-04-13 08:38:45',15,135),(194,'2026-04-13 08:41:34','2026-04-13 08:41:34',14,135),(195,'2026-04-13 08:43:48','2026-04-13 08:43:48',15,136),(196,'2026-04-13 08:45:43','2026-04-13 08:45:43',16,136),(197,'2026-04-13 08:48:10','2026-04-13 08:48:10',15,137),(198,'2026-04-13 08:48:11','2026-04-13 08:48:11',15,137),(199,'2026-04-13 08:49:54','2026-04-13 08:49:54',6,137),(200,'2026-04-13 08:51:29','2026-04-13 08:51:29',1,137),(201,'2026-04-13 08:52:46','2026-04-13 08:52:46',15,138),(202,'2026-04-13 08:52:46','2026-04-13 08:52:46',15,138),(203,'2026-04-13 08:55:01','2026-04-13 08:55:01',5,138),(204,'2026-04-13 08:58:26','2026-04-13 08:58:26',15,139),(205,'2026-04-13 09:00:40','2026-04-13 09:00:40',15,140),(206,'2026-04-13 09:05:51','2026-04-13 09:05:51',12,140),(207,'2026-04-13 09:05:52','2026-04-13 09:05:52',12,140),(208,'2026-04-13 10:15:38','2026-04-13 10:15:38',1,140),(209,'2026-04-13 10:17:59','2026-04-13 10:17:59',15,141),(210,'2026-04-13 10:19:04','2026-04-13 10:19:04',13,141),(211,'2026-04-13 10:20:35','2026-04-13 10:20:35',15,142),(212,'2026-04-13 10:22:36','2026-04-13 10:22:36',3,142),(213,'2026-04-13 10:24:06','2026-04-13 10:24:06',15,143),(214,'2026-04-13 10:26:34','2026-04-13 10:26:34',15,144),(215,'2026-04-13 10:26:35','2026-04-13 10:26:35',15,144),(216,'2026-04-13 10:26:35','2026-04-13 10:26:35',15,144),(217,'2026-04-13 10:26:35','2026-04-13 10:26:35',15,144),(218,'2026-04-13 10:29:20','2026-04-13 10:29:20',11,144),(219,'2026-04-13 10:30:32','2026-04-13 10:30:32',15,145),(220,'2026-04-13 10:34:07','2026-04-13 10:34:07',15,146),(221,'2026-04-13 10:36:26','2026-04-13 10:36:26',15,147),(222,'2026-04-13 10:37:44','2026-04-13 10:37:44',15,148),(223,'2026-04-13 10:40:33','2026-04-13 10:40:33',15,149),(224,'2026-04-13 10:42:18','2026-04-13 10:42:18',14,150),(225,'2026-04-13 10:45:28','2026-04-13 10:45:28',14,151),(226,'2026-04-13 10:48:47','2026-04-13 10:48:47',14,152),(227,'2026-04-13 10:52:01','2026-04-13 10:52:01',5,152),(228,'2026-04-13 10:54:19','2026-04-13 10:54:19',14,153),(229,'2026-04-13 10:55:48','2026-04-13 10:55:48',14,154),(230,'2026-04-13 10:57:33','2026-04-13 10:57:33',14,155),(231,'2026-04-13 11:00:24','2026-04-13 11:00:24',16,155),(232,'2026-04-13 11:05:08','2026-04-13 11:05:08',14,156),(233,'2026-04-13 11:12:02','2026-04-13 11:12:02',14,157),(234,'2026-04-13 11:13:53','2026-04-13 11:13:53',9,157),(235,'2026-04-13 11:17:45','2026-04-13 11:17:45',14,158),(236,'2026-04-13 11:20:19','2026-04-13 11:20:19',14,159),(237,'2026-04-13 11:24:46','2026-04-13 11:24:46',10,159),(238,'2026-04-13 11:28:32','2026-04-13 11:28:32',14,160),(239,'2026-04-14 06:52:23','2026-04-14 06:52:23',10,160),(240,'2026-04-14 06:54:37','2026-04-14 06:54:37',14,161),(241,'2026-04-14 06:57:25','2026-04-14 06:57:25',14,162),(242,'2026-04-14 06:57:25','2026-04-14 06:57:25',14,162),(243,'2026-04-14 06:59:49','2026-04-14 06:59:49',15,162),(244,'2026-04-14 07:00:35','2026-04-14 07:00:35',1,162),(245,'2026-04-14 07:02:06','2026-04-14 07:02:06',14,163),(246,'2026-04-14 07:02:07','2026-04-14 07:02:07',14,163),(247,'2026-04-14 07:04:03','2026-04-14 07:04:03',14,164),(248,'2026-04-14 07:04:04','2026-04-14 07:04:04',14,164),(249,'2026-04-14 07:04:04','2026-04-14 07:04:04',14,164),(250,'2026-04-14 07:04:04','2026-04-14 07:04:04',14,164),(251,'2026-04-14 07:04:04','2026-04-14 07:04:04',14,164),(252,'2026-04-14 07:06:21','2026-04-14 07:06:21',14,165),(253,'2026-04-14 07:09:56','2026-04-14 07:09:56',11,165),(254,'2026-04-14 07:12:37','2026-04-14 07:12:37',14,166),(255,'2026-04-14 07:12:37','2026-04-14 07:12:37',14,166),(256,'2026-04-14 07:16:27','2026-04-14 07:16:27',14,167),(257,'2026-04-14 07:19:05','2026-04-14 07:19:05',14,168),(258,'2026-04-14 07:21:57','2026-04-14 07:21:57',14,170),(259,'2026-04-14 07:21:57','2026-04-14 07:21:57',14,170),(260,'2026-04-14 07:23:29','2026-04-14 07:23:29',14,172),(261,'2026-04-14 07:26:20','2026-04-14 07:26:20',14,173),(262,'2026-04-14 07:26:21','2026-04-14 07:26:21',14,173),(263,'2026-04-14 07:28:06','2026-04-14 07:28:06',14,174),(264,'2026-04-14 07:28:07','2026-04-14 07:28:07',14,174),(265,'2026-04-14 07:29:43','2026-04-14 07:29:43',14,175),(266,'2026-04-14 07:32:19','2026-04-14 07:32:19',13,175),(267,'2026-04-14 07:35:25','2026-04-14 07:35:25',9,176),(268,'2026-04-14 07:37:42','2026-04-14 07:37:42',9,177),(269,'2026-04-14 07:40:03','2026-04-14 07:40:03',9,178),(270,'2026-04-14 07:43:16','2026-04-14 07:43:16',9,179),(271,'2026-04-14 07:46:00','2026-04-14 07:46:00',6,179),(272,'2026-04-14 07:46:01','2026-04-14 07:46:01',6,179),(273,'2026-04-14 07:48:24','2026-04-14 07:48:24',13,179),(274,'2026-04-14 07:51:36','2026-04-14 07:51:36',9,180),(275,'2026-04-14 07:54:26','2026-04-14 07:54:26',9,6),(276,'2026-04-14 07:57:09','2026-04-14 07:57:09',9,182),(277,'2026-04-14 07:59:08','2026-04-14 07:59:08',9,183),(278,'2026-04-14 08:00:43','2026-04-14 08:00:43',9,184),(279,'2026-04-14 08:03:13','2026-04-14 08:03:13',9,185),(280,'2026-04-14 08:05:16','2026-04-14 08:05:16',9,186),(281,'2026-04-14 08:07:43','2026-04-14 08:07:43',9,187),(282,'2026-04-14 08:09:24','2026-04-14 08:09:24',9,188),(283,'2026-04-14 08:09:25','2026-04-14 08:09:25',9,188),(284,'2026-04-14 08:09:25','2026-04-14 08:09:25',9,188),(285,'2026-04-14 08:09:25','2026-04-14 08:09:25',9,188),(286,'2026-04-14 08:11:17','2026-04-14 08:11:17',9,189),(287,'2026-04-14 08:12:53','2026-04-14 08:12:53',9,190),(288,'2026-04-14 08:14:44','2026-04-14 08:14:44',10,190),(289,'2026-04-14 08:16:04','2026-04-14 08:16:04',9,191),(290,'2026-04-14 08:18:06','2026-04-14 08:18:06',9,192),(291,'2026-04-14 08:20:24','2026-04-14 08:20:24',9,193),(292,'2026-04-14 08:21:44','2026-04-14 08:21:44',9,194),(293,'2026-04-14 08:24:45','2026-04-14 08:24:45',9,195),(294,'2026-04-14 08:26:49','2026-04-14 08:26:49',9,196),(295,'2026-04-14 08:29:07','2026-04-14 08:29:07',9,197),(296,'2026-04-14 08:32:36','2026-04-14 08:32:36',9,198),(297,'2026-04-14 08:38:04','2026-04-14 08:38:04',9,200),(298,'2026-04-14 08:39:19','2026-04-14 08:39:19',1,200),(299,'2026-04-14 08:39:20','2026-04-14 08:39:20',1,200),(300,'2026-04-14 08:41:44','2026-04-14 08:41:44',9,201),(301,'2026-04-14 08:43:29','2026-04-14 08:43:29',1,201),(302,'2026-04-14 08:46:01','2026-04-14 08:46:01',9,202),(303,'2026-04-14 08:46:45','2026-04-14 08:46:45',1,203),(304,'2026-04-14 08:47:51','2026-04-14 08:47:51',5,203),(305,'2026-04-14 08:48:51','2026-04-14 08:48:51',1,204),(306,'2026-04-14 08:51:19','2026-04-14 08:51:19',4,205);
