insert into  banderas(id,created_at,pais,bandera) values
(1, curdate(), 'Alemania', 'Alemania.png'),
(2, curdate(), 'Arggntina', 'Arggntina.png'),
(3, curdate(), 'Austria', 'Austria.png'),
(4, curdate(), 'Belgica', 'Belgica.png'),
(5, curdate(), 'Camerún', 'Camerun.png'),
(6, curdate(), 'Chile', 'Chile.png'),
(7, curdate(), 'Costa de Marfll', 'CMarfil.png'),
(8, curdate(), 'Colombia', 'Colombia.png'),
(9, curdate(), 'Croacia', 'Croacia.png'),
(10, curdate(), 'Dinamarca', 'Dinamarca.png'),
(11, curdate(), 'Eslovenia', 'Eslovenia.png'),
(12, curdate(), 'España', 'Espania.png'),
(13, curdate(), 'Estados Unidos', 'Estados_Unidos,png'),
(14, curdate(), 'Francia', 'Francia.png'),
(15, curdate(), 'Gales', 'Gales.png'),
(16, curdate(), 'Ghana', 'Ghana.png'),
(17, curdate(), 'Inglaterra', 'Inglaterra.png'),
(18, curdate(), 'Irlanda', 'Irlanda.png'),
(19, curdate(), 'Italia', 'Italia.png'),
(20, curdate(), 'Marruecos', 'Marruecos,png'),
(21, curdate(), 'Mexico', 'Mexico.png'),
(22, curdate(), 'Noruega', 'Noruega.png'),
(23, curdate(), 'Paises Bajos', 'Paises_Bajos.png'),
(24, curdate(), 'Polonia', 'Polonia.png'),
(25, curdate(), 'Portugal', 'Portugal.png'),
(26, curdate(), 'Senegal', 'Senegal.png'),
(27, curdate(), 'Serbia', 'Serbia.png'),
(28, curdate(), 'Suecia', 'Suecia.pn0g0'),
(29, curdate(), 'Suiza', 'Suiza.png').
(30, curdate(), 'Turquia', 'Turquia.png'),
(31, curdate(), 'Ucrania', 'Ucrania.png'),
(32, curdate(), 'Uruguay', 'Uruguay.png');



insert into equipos(id,created_at,nombre,escudo) values
(1, curdate(), 'Milan', 'AC_Milan.png'),
(2, curdate(), 'Ajax', 'AFC_Ajax.png'),
(3, curdate(), 'Arsenal', 'Arsenal.png'),
(4, curdate(), 'Atletico de Madrid', 'Atletico.png'),
(5, curdate(), 'Borussia Dortmund', 'Borussia_Dortmund.png'),
(6, curdate(), 'Chelsea', 'Chelsea.png'),
(7, curdate(), 'Barcelona', 'FC_Barcelona.png'),
(8, curdate(), 'Bayer Munich', 'FC_Bayern_Munchen.png'),
(9, curdate(), 'Oporto', 'FC_Porto.png'),
(10, curdate(), 'Inter', 'Inter_Milan.png'),
(11, curdate(), 'Juventus', 'Juventus.png'),
(12, curdate(), 'Liverpool', 'Liveerpool.png'),
(13, curdate(), 'Manchester City', 'Manchester_City.png'),
(14, curdate(), 'Manchester United', 'Manchester_United.png'),
(15, curdate(), 'PSG', 'PSG.png'),
(16, curdate(), 'Real Madrid', 'Real_Madrid.png'),
(17, curdate(), 'Benfica', 'SL_Benfica'),
(18, curdate(), 'Sporting', 'Sporting_Lisboa'),
(19, curdate(), 'Tottenham', 'Tottenham.png');





insert into jugadors(id,created_at,posicion,apellido,nombre,foto,bandera_id) values 
(1, curdate(), 'DC', 'Younes', 'Amin','Amin_Younes_AJA.jpg', 1),
(2, curdate(),  'DFC', 'Martinez', 'Lisandro', 'licha_AJA.jpg', 2),
(3, curdate(), 'DC', 'Bodul', 'Darko', 'Darko_Bodul_AJA.jpg', 3),
(4, curdate(), 'DFC', 'Vertonghen', 'Jan', 'Jan_Vertonghen_AJA.jpg', 4),
(5, curdate(), 'ED', 'Antony', 'Antony0', 'antony_AJA-jpg', 5),
(6, curdate(), 'POR', 'Onana', 'André' , 'Onana_AJA.jpg', 6),
(7, curdate(), 'DFC', 'Sanchez', 'Davinson', 'davinson-sanchez_AJA.jpg', 7),
(8, curdate(), 'DC', 'Haller', 'Sebastien', 'Sebastien_Haller_AJA.jpg', 8),
(9, curdate(), 'LI', 'Sosa', 'Borna', 'Borna_Sosa_AJA.jpg', 9),
(10, curdate(), 'MC', 'Eriksen', 'Christian', 'eriksen_AJA.jpg', 10),
(11, curdate(), 'DC', 'Krkic', 'Bojan', 'Bojan_Krkic_AJA.jpg', 12),
(12, curdate(), 'LD', 'Dest', 'Sergiño', 'dest_AJA.jpg', 13),
(13, curdate(), 'DC', 'Sanogo',  'Yaya', 'Yaya_Sanogo_AJA.jpg', 14),
(14, curdate(), 'MCD', 'Quansah', 'Kwame', 'Kwame_Quansah_AJA.jpg', 16),
(15, curdate(), 'MCD', 'Henderson', 'Jordan', 'Jordan_Henderson_AJA.jpg', 17),
(16, curdate(), 'DFC', 'Rugani', 'Daniele','Daniele_Rugani_AJA.jpg', 19),
(17, curdate(), 'ED', 'Ziyech', 'Hakim', 'Ziyech_AJA.jpg', 20),
(18, curdate(), 'MCD', 'Alvarez', 'Edson', 'edson_alvarez_AJA.jpg', 21),
(19, curdate(), 'LD', 'Bergdolmo', 'André', 'Andre_Bergdolmo_AJA.jpg', 22),
(20, curdate(), 'DFC', 'Blind', 'Daley', 'DB_AJA.jpg', 23),
(21, curdate(), 'DC', 'Milik', 'Arkadius', 'Arkadiusz_Milik_AJA..jpg', 24),
(22, curdate(), 'POR', 'Varela', 'Bruno', 'Bruno_Varela_AJA.jpg', 25),
(23, curdate(), 'MC', 'Coulibaly', 'Mamadou', 'Mamadou_Coulibaly_AJA.jpg', 26),
(24, curdate(), 'DC', 'Zigic', 'Nikola', 'Nikola_Zigic_AJA.jpg', 27),
(25, curdate(), 'DC', 'Ibrahimovic', 'Zlatan', 'ibra_AJA.jpg', 28),
(26, curdate(), 'DC', 'Gomzalez', 'Lorenzo', 'Lorenzo_Gonzalez_AJA.jpg', 29),
(27, curdate(), 'MCO', 'Sahin', 'Nuri', 'Nuri_Sahin_AJA.jpg', 30),
(28, curdate(), 'DC', 'Suarez', 'Luis', 'luis_suarez_AJA.jpg', 32),



(29, curdate(), 'EI', 'Musiala', 'Jamal', 'Musiala_BAY.jpg', 1),
(30, curdate(), 'DFC', 'Demilchelis', 'Martin', 'Demichelis_BAY.jpg', 2),
(31, curdate(), 'DFC', 'Alaba', 'David', 'Alaba_BAY.jpg', 3),
(32, curdate(), 'DFC', ' van Buyten', 'Daniel', 'Van_Buyten_BAY-jpg', 4),
(33, curdate(), 'EI', 'Coutihho', 'Phillippe', 'Coutinho_BAY.jpg', 5),
(34, curdate(), 'DC', 'Moting', 'ChouPO','Choupo_Motinmg_BAY.jpg', 6),
(35, curdate(), 'MCD', 'Vidal', 'Arturo', 'Arturo_Vidal_BAY.jpg', 7),
(36, curdate(), 'MCO', 'Rodriguez', 'James', 'James_Rodriguez_BAT.jpg', 8),
(37, curdate(), 'MCD', 'Hojberg', 'Pierre-Emile', 'Hojbergv.jpg', 10),
(38, curdate(), 'LD', 'Odriozola', 'Álvaro', 'Odriozola_BAY', 12),
(39, curdate(), 'MCO', 'Donovan', 'Landon', 'Landon_Donovan_BAY.jpg', 13),
(40, curdate(), 'LD', 'Boey', 'Nathan', 'Boey_BAY.jpg', 14),
(41, curdate(), 'DC', 'Kane', 'Harry', 'Kane_BAY', 17),
(42, curdate(), 'DC', 'Toni', 'Luca', 'Luca_Toni_BAY.jpg', 19),
(43, curdate(), 'DFC', 'Benatia', 'Medhi', 'Benatia_BAY.jpg', 20),
(44, curdate(), 'MC', 'Gravenberch', 'Ryan', 'Gravenberch_BAY', 22),
(45, curdate(), 'DC', 'Lewandowski', 'Robert', 'Lewandowski_BAY.jpg', 23),
(46, curdate(), 'MCD', 'Palhinha', 'Joao', 'Palhinha_BAY.jpg', 24),
(47, curdate(), 'EI', 'Mané', 'Sadio', 'Mane_BAY.jpg', 25),
(48, curdate(), 'DFC', 'Andersson', 'Patrik', 'Patrik_Andersson_BAY.jpg', 26),
(49, curdate(), 'ED', 'Shaqiri', 'Xherdan', 'Shaqiri_BAY.jpg', 27),
(50, curdate(), 'DC', 'Altintop', 'Hamit', 'Altintop_BAY.jpg', 28),
(51, curdate(), 'DC', 'Tymoschukk', 'Anatolly', 'Anatolly_Tymoschuk_BAY.jpg', 28),






(52, curdate(), 'MCO', 'Reus', 'Marco', 'Reus_BVB.jpg', 1),
(53, curdate(), 'DFC', 'Balerdi', 'Leonardo', 'Balerdi_BVB.jpg', 2),
(54, curdate(), 'MC', 'Sabitzer', 'Marcel', 'Sabitzer_BVB.jpg', 3),
(55, curdate(), 'EI', 'Hazard', 'Thorgan','Thorgan_Hazard_BVB.jpg', 4),
(56, curdate(), 'CAR', 'Couto', 'Yan', 'Yan_Couto_BVB.jpg', 5),
(57, curdate(), 'MCO', 'Barrios', 'Adrian', 'Adrian_Barrios_BVB.jpg', 8),
(58, curdate(), 'DC', 'Haller', 'Sebastien', 'Haller_BVB.jpg', 9),
(60, curdate(), 'MCD', 'Delaney', 'Thomas', 'Delaney_BVB.ljpg', 10),
(61, curdate(), 'MC', 'Kampl', 'Toni', 'Kampl_BVB.jpg¡', 11),
(62, curdate(), 'DC', 'Alcacer', 'Paco', 'Paco_Alcacer_BVB.jpg', 12),
(63, curdate(), 'EI', 'Reyna', 'Giovanni', 'Reyna_BVB.jpg', 13),
(64, curdate(), 'DFC', 'Coulibaly', 'Soumaila', 'Coulibaly_BVB.jpg', 14),
(65, curdate(), 'DC', 'Boateng', 'Kevin-Prince', 'Boateng_BVB.jpg', 16),
(66, curdate(), 'EI', 'Bynoe-Gittens', 'Jamie', 'Bynoe-Gittens_BVB.jpg', 17),
(67, curdate(), 'DC', 'Immobile', 'Ciro', 'Immobille_BVB.jpg', 19),
(68, curdate(), 'LD', 'Hakimi', 'Achraf', 'Hakimi_BVB.jpg', 20),
(69, curdate(), 'DC', 'Haaland', 'Eerling', 'Haaland_BVB.jpg', 22),
(70, curdate(), 'LI', 'Maatsen', 'Ian', 'Maatsen_BVB.jpg', 23),
(71, curdate(), 'EI', 'Blaszczykowski', 'Jakub', 'Blaszczykowski_BVB.jpg', 24),
(72, curdate(), 'LI', 'Guerreiro', 'Raphael',    'Guerreiro_BVB.jpg', 25),
(73, curdate(), 'ED', 'Diallo', 'Anad', 'Diallo_BVB.jpg', 26),
(74, curdate(), 'LD', 'Rukavina', 'Antonio', 'Antonio_Rukavina_BVB.jpg', 27),
(75, curdate(), 'DC', 'isak', 'Aleksander', 'Isak_BVB.jpg', 28),
(76, curdate(), 'POR', 'Kobel', 'Gregor', 'Kobel_BVB.jpg', 27),
(77, curdate(), 'ED', 'Mor', 'Emre', 'Emre_Mor_ BVB.jpg', 28),
(78, curdate(), 'ED', 'Yarmolenko', 'Andriy', 'Yarmolenko_BVB.jpg', 29),




(79, curdate(), 'DC', 'Alvarez', 'Julián','Julian_Alvarez_ATM.jpg', 2),
(80, curdate(), 'EI', 'Carrasco', 'Yannick-Ferreira', 'Carrasco_ATM', 4),
(81, curdate(), 'DFC', 'Miranda', 'Joao', 'Miranda_ATM.jpg', 5),
(82, curdate(), 'DC', 'Martinez', 'Jackson', 'Jackson_Martinez_ATM', 8),
(84, curdate(), 'MC', 'Wass', 'Daniel', 'Wass_ATM.jpg', 10),
(85, curdate(), 'POR', 'Oblak', 'Jan', 'Oblak_ATM.jpg', 11), 
(86, curdate(), 'DC', 'Torres', 'Fernando', 'Torres_ATM.jpg', 12),
(87, curdate(), 'DC', 'Gameiro', 'Kevin', 'Gameiro_ATM.jpg', 14),
(88, curdate(), 'MC', 'Partey', 'Thomas', 'Thomas_ATM.jpg', 16),
(89, curdate(), 'LD', 'Trippier', 'Kieran', 'Trippier_ATM.jpg', 17),
(90, curdate(), 'MC', 'Doherty', 'Jack', 'Doherty_ATM.jpg', 18),
(91, curdate(), 'POR', 'Abbiatti', 'Franco', 'Abbiati_ATN.jpg', 19),
(92, curdate(), 'POR', 'Bounou', 'Yacine', 'Bono_ATM.jpg', 20),
(93, curdate(), 'DC', 'Jimenez', 'Raul', 'Raul_Jimenez_ATM.jpg', 21),
(94, curdate(), 'DC', 'Sorloth', 'Alexander', 'Sorloth_ATM.jpg', 22),
(95, curdate(), 'DC', 'Depay', 'Memphis', 'Depay_ATM.jpg', 23),
(96, curdate(), 'EI', 'Jota', 'Diogo', 'Diogo_Jota_ATM.jpg', 25),
(96, curdate(), 'MCD', 'Ndiaye', 'Amath', ,'Amath_Ndiaye_ATM.jpg', 26),
(97, curdate(), 'DC', 'Saponjic', 'Ivan', 'Ivan_Saponjic_ATM.jpg', 27),
(98, curdate(), 'MCD', 'Wicky', 'Raphael', 'Raphael_Wicky_ATM.jpg', 29),
(99, curdate(), 'MC', 'Turan', 'Arda', 'Arda_Turan_ATM.jpg', 30),
(100, curdate(), 'DC', 'Forlan', 'Diego', 'Forlan_ATM.jpg', 32),



(101, curdate(), 'POR', 'Ter Stegen', 'Marc André', 'Ter_Stegen_FCB.jpg', 1),
(102, curdate(), 'ED', 'Saviola', 'Javier', 'Saviola_FCB.jpg', 2),
(103, curdate(), 'DC', 'Demir', 'Yusuf', 'Demir_FCB.jpg', 3),
(104, curdate().  'DFC', 'Vermaelen', 'Thomas', 'Vermaelen_FCB.jpg', 4),
(105, curdate(), 'POR', 'Neto', 'Norberto', 'Neto_FCB.jpg', 5),
(106,curdate(), 'MCO' 'Song', 'Alex', 'Song_FCB.jpg', 6),
(107, curdate(), 'MCD', 'Vidal', 'Arturo', 'Arturo_Vidal_FCB.jpg', 7),
(108, curdate(), 'DFC', 'Mina', 'Yerry', 'Yerry_Mina_FCB.jpg', 8),
(109, curdate(), 'MC', 'Touré', 'Yaya', 'Toure_FCB,jpg', 9),
(110, curdate(), 'DC', 'Braithwaite', 'Martin'. 'Braithwaite_FCB.jpg', 10),
(111, curdate(), 'DFC', 'Cubarsí', 'Pau', 'Cubarsi_FCB.jpg', 12),
(112, curdate(), 'LD', 'Dest', 'Sergiño', 'Dest_FCB.jpg',  13),
(113, curdate(), 'LD', 'Koyndé', 'Jules', 'Kounde_FCB.jpg', 14),
(114, curdate(), 'DC', 'Boateng', 'Kevin-Prince', 'Boateng_FCB.jpg', 16),
(115, curdate(), 'MC', 'Motta', 'Thiago', 'Thiago_Motta_FCB.jpg', 19),
(116, curdate(), 'ED', 'Ezzazouli', 'Abde', 'Abde_FCB.jpg', 20),
(117, curdate(), 'DFC', 'Marquez', 'Rafa', 'Marquez_FCB.jpg', 21),
(118, curdate(), 'DC', 'de Jong', 'Luuk', 'Luuk_de_Jong_FCB.jpg', 23),
(119, curdate(), 'POR', 'Szczesny', 'Wojlclech', 'Wojlclech_Szczesny_FCB.jpg', 24),
(120, curdate(), 'ED', 'Quaresma', 'Ricardo', 'Quaresma_FCB.jpg', 25),
(121, curdate(), 'DC', 'Larsson', 'Henrik', 'Larsson_FCB.jpg', 28),
(122, curdate(), 'MC', 'Turan', 'Arda', 'Arda_Turan_FCB.jpg', 30),
(123, curdate(), 'DFC', 'Chygrynsky', 'Dmytro', 'Chygrynsky_FCB.jpg', 31),
(124, curdate(), 'DFC', 'Araujo', 'Ronald', 'Araujo_FCB.jpg', 32),



(125, curdate(),'MC', 'Kroos', 'Toni', 'KroosÇ_RMA.jpg', 1),
(126, curdate(), 'ED', 'Mastantuono', 'Franco', 'Mastantuono_RMA.jpg', 2), 
(127, curdate(), 'DFC', 'Alaba', 'David', 'Alaba_RMA.jpg', 3),
